-- Collectors
INSERT INTO public.collector (id, collector, is_ip_collector) VALUES (10, 'geo-asn', true);
INSERT INTO public.collector (id, collector, is_ip_collector) VALUES (20, 'nerd', true);
INSERT INTO public.collector (id, collector, is_ip_collector) VALUES (30, 'rdap-ip', true);
INSERT INTO public.collector (id, collector, is_ip_collector) VALUES (40, 'rtt', true);
INSERT INTO public.collector (id, collector, is_ip_collector) VALUES (50, 'zone', false);
INSERT INTO public.collector (id, collector, is_ip_collector) VALUES (60, 'dns', false);
INSERT INTO public.collector (id, collector, is_ip_collector) VALUES (70, 'tls', false);
INSERT INTO public.collector (id, collector, is_ip_collector) VALUES (80, 'rdap-dn', false);
INSERT INTO public.collector (id, collector, is_ip_collector) VALUES (1000, 'qradar', true);

-- Collector result codes
INSERT INTO public.collector_status_type (status_code, name, description) VALUES (-1, 'Fatal Pipeline Error', 'An unexpected fatal error occurred in the data processing infrastructure.');
INSERT INTO public.collector_status_type (status_code, name, description) VALUES (0, 'OK', 'The operation was successful.');
INSERT INTO public.collector_status_type (status_code, name, description) VALUES (1, 'Invalid Message', 'Invalid request message format (deserialization error).');
INSERT INTO public.collector_status_type (status_code, name, description) VALUES (2, 'Invalid Domain Name', 'Invalid domain name.');
INSERT INTO public.collector_status_type (status_code, name, description) VALUES (3, 'Invalid IP Address', 'Invalid IP address.');
INSERT INTO public.collector_status_type (status_code, name, description) VALUES (4, 'Unsupported IP Address Type', 'The IP address is valid but the collector cannot process it (e.g. IPv6 not supported).');
INSERT INTO public.collector_status_type (status_code, name, description) VALUES (5, 'Internal Error', 'A generic error caused inside the collecting system (e.g. invalid state).');
INSERT INTO public.collector_status_type (status_code, name, description) VALUES (6, 'Disabled', 'The collector is configured not to process any requests.');
INSERT INTO public.collector_status_type (status_code, name, description) VALUES (10, 'Cannot Fetch', 'Error fetching data from the remote source (e.g. source unavailable or returned unexpected state).');
INSERT INTO public.collector_status_type (status_code, name, description) VALUES (11, 'Timeout', 'Timeout while waiting for a response from the remote source.');
INSERT INTO public.collector_status_type (status_code, name, description) VALUES (12, 'Not Found', 'The request entity does not exist at the remote source.');
INSERT INTO public.collector_status_type (status_code, name, description) VALUES (13, 'Rate Limited', 'We are rate limited at the remote source.');
INSERT INTO public.collector_status_type (status_code, name, description) VALUES (14, 'Invalid Response', 'Invalid format of the remote source''s response.');
INSERT INTO public.collector_status_type (status_code, name, description) VALUES (15, 'Local Rate Limit Triggered', 'Local rate limiter in the immediate mode prevented the request.');
INSERT INTO public.collector_status_type (status_code, name, description) VALUES (16, 'Local Rate Limiter Timeout', 'Could not pass the local rate limiter in a configured time.');
INSERT INTO public.collector_status_type (status_code, name, description) VALUES (20, 'Other DNS Error', 'Unexpected DNS collection error.');
INSERT INTO public.collector_status_type (status_code, name, description) VALUES (30, 'No RDAP Endpoint', 'RDAP servers are not available for the requested entity.');
INSERT INTO public.collector_status_type (status_code, name, description) VALUES (35, 'WHOIS Not Performed', 'WHOIS was not performed (RDAP was successful).');
INSERT INTO public.collector_status_type (status_code, name, description) VALUES (40, 'ICMP Destination Unreachable', 'ICMP destination unreachable (generated by the remote host or its inbound gateway to inform the client that the destination is unreachable for some reason).');
INSERT INTO public.collector_status_type (status_code, name, description) VALUES (41, 'ICMP Time Exceeded', 'ICMP time exceeded (a datagram was discarded due to the time to live field reaching zero).');

-- Phishing classifiers
INSERT INTO public.classification_category (id, category) VALUES (1, 'Phishing');

INSERT INTO public.classifier_type (id, category_id, classifier) VALUES (1, 1, 'CNN');
INSERT INTO public.classifier_type (id, category_id, classifier) VALUES (2, 1, 'LightGBM');
INSERT INTO public.classifier_type (id, category_id, classifier) VALUES (3, 1, 'XGBoost');
INSERT INTO public.classifier_type (id, category_id, classifier) VALUES (4, 1, 'Deep NN');
INSERT INTO public.classifier_type (id, category_id, classifier) VALUES (5, 1, 'DNS-based NN');
INSERT INTO public.classifier_type (id, category_id, classifier) VALUES (6, 1, 'RDAP-based NN');
INSERT INTO public.classifier_type (id, category_id, classifier) VALUES (8, 1, 'IP-based NN');
INSERT INTO public.classifier_type (id, category_id, classifier) VALUES (19, 1, 'HTML-based LightGBM');
INSERT INTO public.classifier_type (id, category_id, classifier) VALUES (24, 1, 'Reputation system-based LightGBM');

-- Malware classifiers
INSERT INTO public.classification_category (id, category) VALUES (2, 'Malware');

INSERT INTO public.classifier_type (id, category_id, classifier) VALUES (10, 2, 'LightGBM');
INSERT INTO public.classifier_type (id, category_id, classifier) VALUES (11, 2, 'XGBoost');
INSERT INTO public.classifier_type (id, category_id, classifier) VALUES (12, 2, 'Deep NN');
INSERT INTO public.classifier_type (id, category_id, classifier) VALUES (20, 2, 'HTML-based LightGBM');
INSERT INTO public.classifier_type (id, category_id, classifier) VALUES (25, 2, 'Reputation system-based LightGBM');

-- DGA classifiers
INSERT INTO public.classification_category (id, category) VALUES (3, 'DGA');

INSERT INTO public.classifier_type (id, category_id, classifier) VALUES (17, 3, 'Deep NN (binary)');
INSERT INTO public.classifier_type (id, category_id, classifier) VALUES (18, 3, 'LightGBM (binary)');

INSERT INTO public.classifier_type (id, category_id, classifier) VALUES (100, 3, 'dga:pushdotid');
INSERT INTO public.classifier_type (id, category_id, classifier) VALUES (101, 3, 'dga:matsnu');
INSERT INTO public.classifier_type (id, category_id, classifier) VALUES (102, 3, 'dga:szribi');
INSERT INTO public.classifier_type (id, category_id, classifier) VALUES (103, 3, 'dga:ranbyus');
INSERT INTO public.classifier_type (id, category_id, classifier) VALUES (104, 3, 'dga:suppobox');
INSERT INTO public.classifier_type (id, category_id, classifier) VALUES (105, 3, 'dga:torpig');
INSERT INTO public.classifier_type (id, category_id, classifier) VALUES (106, 3, 'dga:tsifiri');
INSERT INTO public.classifier_type (id, category_id, classifier) VALUES (107, 3, 'dga:pykspa2s');
INSERT INTO public.classifier_type (id, category_id, classifier) VALUES (108, 3, 'dga:volatilecedar');
INSERT INTO public.classifier_type (id, category_id, classifier) VALUES (109, 3, 'dga:ud2');
INSERT INTO public.classifier_type (id, category_id, classifier) VALUES (110, 3, 'dga:qadars');
INSERT INTO public.classifier_type (id, category_id, classifier) VALUES (111, 3, 'dga:dyre');
INSERT INTO public.classifier_type (id, category_id, classifier) VALUES (112, 3, 'dga:diamondfox');
INSERT INTO public.classifier_type (id, category_id, classifier) VALUES (113, 3, 'dga:cryptolocker');
INSERT INTO public.classifier_type (id, category_id, classifier) VALUES (114, 3, 'dga:madmax');
INSERT INTO public.classifier_type (id, category_id, classifier) VALUES (115, 3, 'dga:dnsbenchmark');
INSERT INTO public.classifier_type (id, category_id, classifier) VALUES (116, 3, 'dga:pykspa');
INSERT INTO public.classifier_type (id, category_id, classifier) VALUES (117, 3, 'dga:chir');
INSERT INTO public.classifier_type (id, category_id, classifier) VALUES (118, 3, 'dga:urlzone');
INSERT INTO public.classifier_type (id, category_id, classifier) VALUES (119, 3, 'dga:gameoverp2p');
INSERT INTO public.classifier_type (id, category_id, classifier) VALUES (120, 3, 'dga:ccleaner');
INSERT INTO public.classifier_type (id, category_id, classifier) VALUES (121, 3, 'dga:pykspa2');
INSERT INTO public.classifier_type (id, category_id, classifier) VALUES (122, 3, 'dga:gspy');
INSERT INTO public.classifier_type (id, category_id, classifier) VALUES (123, 3, 'dga:makloader');
INSERT INTO public.classifier_type (id, category_id, classifier) VALUES (124, 3, 'dga:bedep');
INSERT INTO public.classifier_type (id, category_id, classifier) VALUES (125, 3, 'dga:qakbot');
INSERT INTO public.classifier_type (id, category_id, classifier) VALUES (126, 3, 'dga:sutra');
INSERT INTO public.classifier_type (id, category_id, classifier) VALUES (127, 3, 'dga:nymaim2');
INSERT INTO public.classifier_type (id, category_id, classifier) VALUES (128, 3, 'dga:pitou');
INSERT INTO public.classifier_type (id, category_id, classifier) VALUES (129, 3, 'dga:dircrypt');
INSERT INTO public.classifier_type (id, category_id, classifier) VALUES (130, 3, 'dga:beebone');
INSERT INTO public.classifier_type (id, category_id, classifier) VALUES (131, 3, 'dga:vawtrak');
INSERT INTO public.classifier_type (id, category_id, classifier) VALUES (132, 3, 'dga:tofsee');
INSERT INTO public.classifier_type (id, category_id, classifier) VALUES (133, 3, 'dga:sphinx');
INSERT INTO public.classifier_type (id, category_id, classifier) VALUES (134, 3, 'dga:infy');
INSERT INTO public.classifier_type (id, category_id, classifier) VALUES (135, 3, 'dga:modpack');
INSERT INTO public.classifier_type (id, category_id, classifier) VALUES (136, 3, 'dga:conficker');
INSERT INTO public.classifier_type (id, category_id, classifier) VALUES (137, 3, 'dga:murofet');
INSERT INTO public.classifier_type (id, category_id, classifier) VALUES (138, 3, 'dga:pandabanker');
INSERT INTO public.classifier_type (id, category_id, classifier) VALUES (139, 3, 'dga:feodo');
INSERT INTO public.classifier_type (id, category_id, classifier) VALUES (140, 3, 'dga:corebot');
INSERT INTO public.classifier_type (id, category_id, classifier) VALUES (141, 3, 'dga:fobber');
INSERT INTO public.classifier_type (id, category_id, classifier) VALUES (142, 3, 'dga:symmi');
INSERT INTO public.classifier_type (id, category_id, classifier) VALUES (143, 3, 'dga:sisron');
INSERT INTO public.classifier_type (id, category_id, classifier) VALUES (144, 3, 'dga:randomloader');
INSERT INTO public.classifier_type (id, category_id, classifier) VALUES (145, 3, 'dga:wd');
INSERT INTO public.classifier_type (id, category_id, classifier) VALUES (146, 3, 'dga:hesperbot');
INSERT INTO public.classifier_type (id, category_id, classifier) VALUES (147, 3, 'dga:tempedreve');
INSERT INTO public.classifier_type (id, category_id, classifier) VALUES (148, 3, 'dga:vidro');
INSERT INTO public.classifier_type (id, category_id, classifier) VALUES (149, 3, 'dga:virut');
INSERT INTO public.classifier_type (id, category_id, classifier) VALUES (150, 3, 'dga:goznym');
INSERT INTO public.classifier_type (id, category_id, classifier) VALUES (151, 3, 'dga:blackhole');
INSERT INTO public.classifier_type (id, category_id, classifier) VALUES (152, 3, 'dga:nymaim');
INSERT INTO public.classifier_type (id, category_id, classifier) VALUES (153, 3, 'dga:tinba');
INSERT INTO public.classifier_type (id, category_id, classifier) VALUES (154, 3, 'dga:ud4');
INSERT INTO public.classifier_type (id, category_id, classifier) VALUES (155, 3, 'dga:ramnit');
INSERT INTO public.classifier_type (id, category_id, classifier) VALUES (156, 3, 'dga:pushdo');
INSERT INTO public.classifier_type (id, category_id, classifier) VALUES (157, 3, 'dga:qhost');
INSERT INTO public.classifier_type (id, category_id, classifier) VALUES (158, 3, 'dga:chinad');
INSERT INTO public.classifier_type (id, category_id, classifier) VALUES (159, 3, 'dga:bobax');
INSERT INTO public.classifier_type (id, category_id, classifier) VALUES (160, 3, 'dga:tempedrevetdd');
INSERT INTO public.classifier_type (id, category_id, classifier) VALUES (161, 3, 'dga:ramdo');
INSERT INTO public.classifier_type (id, category_id, classifier) VALUES (162, 3, 'dga:gameover');
INSERT INTO public.classifier_type (id, category_id, classifier) VALUES (163, 3, 'dga:mirai');
INSERT INTO public.classifier_type (id, category_id, classifier) VALUES (164, 3, 'dga:locky');
INSERT INTO public.classifier_type (id, category_id, classifier) VALUES (165, 3, 'dga:monerominer');
INSERT INTO public.classifier_type (id, category_id, classifier) VALUES (166, 3, 'dga:simda');
INSERT INTO public.classifier_type (id, category_id, classifier) VALUES (167, 3, 'dga:dnschanger');
INSERT INTO public.classifier_type (id, category_id, classifier) VALUES (168, 3, 'dga:downloader');
INSERT INTO public.classifier_type (id, category_id, classifier) VALUES (169, 3, 'dga:darkshell');
INSERT INTO public.classifier_type (id, category_id, classifier) VALUES (170, 3, 'dga:padcrypt');
INSERT INTO public.classifier_type (id, category_id, classifier) VALUES (171, 3, 'dga:xxhex');
INSERT INTO public.classifier_type (id, category_id, classifier) VALUES (172, 3, 'dga:ebury');
INSERT INTO public.classifier_type (id, category_id, classifier) VALUES (173, 3, 'dga:banjori');
INSERT INTO public.classifier_type (id, category_id, classifier) VALUES (174, 3, 'dga:oderoor');
INSERT INTO public.classifier_type (id, category_id, classifier) VALUES (175, 3, 'dga:dmsniff');
INSERT INTO public.classifier_type (id, category_id, classifier) VALUES (176, 3, 'dga:vidrotid');
INSERT INTO public.classifier_type (id, category_id, classifier) VALUES (177, 3, 'dga:xshellghost');
INSERT INTO public.classifier_type (id, category_id, classifier) VALUES (178, 3, 'dga:necurs');
INSERT INTO public.classifier_type (id, category_id, classifier) VALUES (179, 3, 'dga:tinynuke');
INSERT INTO public.classifier_type (id, category_id, classifier) VALUES (180, 3, 'dga:murofetweekly');
INSERT INTO public.classifier_type (id, category_id, classifier) VALUES (181, 3, 'dga:qsnatch');
INSERT INTO public.classifier_type (id, category_id, classifier) VALUES (182, 3, 'dga:ud3');
INSERT INTO public.classifier_type (id, category_id, classifier) VALUES (183, 3, 'dga:emotet');
INSERT INTO public.classifier_type (id, category_id, classifier) VALUES (184, 3, 'dga:rovnix');
INSERT INTO public.classifier_type (id, category_id, classifier) VALUES (185, 3, 'dga:proslikefan');
INSERT INTO public.classifier_type (id, category_id, classifier) VALUES (186, 3, 'dga:mydoom');
INSERT INTO public.classifier_type (id, category_id, classifier) VALUES (187, 3, 'dga:shifu');
INSERT INTO public.classifier_type (id, category_id, classifier) VALUES (188, 3, 'dga:bamital');
INSERT INTO public.classifier_type (id, category_id, classifier) VALUES (189, 3, 'dga:gozi');
INSERT INTO public.classifier_type (id, category_id, classifier) VALUES (190, 3, 'dga:redyms');
INSERT INTO public.classifier_type (id, category_id, classifier) VALUES (191, 3, 'dga:omexo');
INSERT INTO public.classifier_type (id, category_id, classifier) VALUES (192, 3, 'dga:ekforward');

-- Legacy (no longer used) classifiers
-- INSERT INTO public.classifier_type (id, category_id, classifier) VALUES (7, 1, 'Geo-based NN');
-- INSERT INTO public.classifier_type (id, category_id, classifier) VALUES (9, 2, 'CNN');
-- INSERT INTO public.classifier_type (id, category_id, classifier) VALUES (13, 2, 'DNS-based NN');
-- INSERT INTO public.classifier_type (id, category_id, classifier) VALUES (14, 2, 'RDAP-based NN');
-- INSERT INTO public.classifier_type (id, category_id, classifier) VALUES (15, 2, 'Geo-based NN');
-- INSERT INTO public.classifier_type (id, category_id, classifier) VALUES (16, 2, 'IP-based NN');